{
    "content": [
        {
            "id": 0,
            "title": "Matius",
            "durasi":"03:09:51",
			"thumb": "AVB_LUMO_MAT.jpg",
            "video": "AVB_LUMO_MAT.mp4", 
 	 	 	"subtitle": "AVB_LUMO_MAT.vtt"
        },
        {
            "id": 1,
            "title": "Markus",
            "durasi":"02:03:13",
			"thumb": "AVB_LUMO_MRK.jpg",
            "video": "AVB_LUMO_MRK.mp4", 
 	 	 	"subtitle": "AVB_LUMO_MRK.vtt"
        },
        {
            "id": 2,
            "title": "Lukas",
            "durasi":"03:24:50",
			"thumb": "AVB_LUMO_LUK.jpg",
            "video": "AVB_LUMO_LUK.mp4", 
 	 	 	"subtitle": "AVB_LUMO_LUK.vtt"
        },
        {
            "id": 3,
            "title": "Yohanes",
            "durasi":"02:40:41",
			"thumb": "AVB_LUMO_JOH.jpg",
            "video": "AVB_LUMO_JOH.mp4", 
 	 	 	"subtitle": "AVB_LUMO_JOH.vtt"
        }
    ]
}