{
    "content": [
        {
            "title": "Kejadian 01-11",
            "durasi":"(Durasi 10:00)",
			"thumb": "https://media.sabda.org/kios/SDC_32GB/The_Bible_Project-Alkitab_Proyek_Indonesia/API-PL--Memahami_Kitab_Perjanjian_Lama/thumbs/01_Kejadian_01-11.jpg",
            "video": "https://media.sabda.org/kios/SDC_32GB/The_Bible_Project-Alkitab_Proyek_Indonesia/API-PL--Memahami_Kitab_Perjanjian_Lama/01_Baca_Alkitab_Kejadian_01-11.mp4", 
 	 	 	"infografik": "#"

        },
        {
            "title": "Kejadian 12-50",
            "durasi":"(Durasi 10:00)",
			"thumb": "https://media.sabda.org/kios/SDC_32GB/The_Bible_Project-Alkitab_Proyek_Indonesia/API-PL--Memahami_Kitab_Perjanjian_Lama/thumbs/01_Kejadian_12-50.jpg",
            "video": "https://media.sabda.org/kios/SDC_32GB/The_Bible_Project-Alkitab_Proyek_Indonesia/API-PL--Memahami_Kitab_Perjanjian_Lama/01_Baca_Alkitab_Kejadian_12-50.mp4", 
 	 	 	"infografik": "#"

        },
        {
            "title": "Keluaran 01-18",
            "durasi":"(Durasi 7:35)",
			"thumb": "https://media.sabda.org/kios/SDC_32GB/The_Bible_Project-Alkitab_Proyek_Indonesia/API-PL--Memahami_Kitab_Perjanjian_Lama/thumbs/02_Keluaran_01-18.jpg",
            "video": "https://media.sabda.org/kios/SDC_32GB/The_Bible_Project-Alkitab_Proyek_Indonesia/API-PL--Memahami_Kitab_Perjanjian_Lama/02_Baca_Alkitab_Keluaran_01-18.mp4", 
 	 	 	"infografik": "#"
        },
        {
            "title": "Keluaran 19-40",
            "durasi":"(Durasi 7:30)",
			"thumb": "https://media.sabda.org/kios/SDC_32GB/The_Bible_Project-Alkitab_Proyek_Indonesia/API-PL--Memahami_Kitab_Perjanjian_Lama/thumbs/02_Keluaran_19-40.jpg",
            "video": "https://media.sabda.org/kios/SDC_32GB/The_Bible_Project-Alkitab_Proyek_Indonesia/API-PL--Memahami_Kitab_Perjanjian_Lama/02_Baca_Alkitab_Keluaran_19-40.mp4", 
 	 	 	"infografik": "#"
        },
        {
            "title": "Imamat",
            "durasi":"(Durasi 9:56)",
			"thumb": "https://media.sabda.org/kios/SDC_32GB/The_Bible_Project-Alkitab_Proyek_Indonesia/API-PL--Memahami_Kitab_Perjanjian_Lama/thumbs/03_Imamat.jpg",
            "video": "https://media.sabda.org/kios/SDC_32GB/The_Bible_Project-Alkitab_Proyek_Indonesia/API-PL--Memahami_Kitab_Perjanjian_Lama/03_Baca_Alkitab_Imamat.mp4", 
 	 	 	 "infografik": "#"
        },
        {
            "title": "Bilangan",
            "durasi":"(Durasi 8:18)",
			"thumb": "https://media.sabda.org/kios/SDC_32GB/The_Bible_Project-Alkitab_Proyek_Indonesia/API-PL--Memahami_Kitab_Perjanjian_Lama/thumbs/04_Bilangan.jpg",
            "video": "https://media.sabda.org/kios/SDC_32GB/The_Bible_Project-Alkitab_Proyek_Indonesia/API-PL--Memahami_Kitab_Perjanjian_Lama/04_Baca_Alkitab_Bilangan.mp4", 
 	 	 	 "infografik": "#"
        },
        {
            "title": "Ulangan",
            "durasi":"(Durasi 10:06)",
			"thumb": "https://media.sabda.org/kios/SDC_32GB/The_Bible_Project-Alkitab_Proyek_Indonesia/API-PL--Memahami_Kitab_Perjanjian_Lama/thumbs/05_Ulangan.jpg",
            "video": "https://media.sabda.org/kios/SDC_32GB/The_Bible_Project-Alkitab_Proyek_Indonesia/API-PL--Memahami_Kitab_Perjanjian_Lama/05_Baca_Alkitab_Ulangan.mp4", 
 	 	 	 "infografik": "#"
        },
        {
            "title": "Yosua",
            "durasi":"(Durasi 10:35)",
			"thumb": "https://media.sabda.org/kios/SDC_32GB/The_Bible_Project-Alkitab_Proyek_Indonesia/API-PL--Memahami_Kitab_Perjanjian_Lama/thumbs/06_Yosua.jpg",
            "video": "https://media.sabda.org/kios/SDC_32GB/The_Bible_Project-Alkitab_Proyek_Indonesia/API-PL--Memahami_Kitab_Perjanjian_Lama/06_Baca_Alkitab_Yosua.mp4", 
 	 	 	 "infografik": "#"
        },
        {
            "title": "Hakim-hakim",
            "durasi":"(Durasi 9:26)",
			"thumb": "https://media.sabda.org/kios/SDC_32GB/The_Bible_Project-Alkitab_Proyek_Indonesia/API-PL--Memahami_Kitab_Perjanjian_Lama/thumbs/07_Hakim.jpg",
            "video": "https://media.sabda.org/kios/SDC_32GB/The_Bible_Project-Alkitab_Proyek_Indonesia/API-PL--Memahami_Kitab_Perjanjian_Lama/07_Baca_Alkitab_Hakim.mp4", 
 	 	 	 "infografik": "#"
        },
        {
            "title": "Rut",
            "durasi":"(Durasi 7:26)",
			"thumb": "https://media.sabda.org/kios/SDC_32GB/The_Bible_Project-Alkitab_Proyek_Indonesia/API-PL--Memahami_Kitab_Perjanjian_Lama/thumbs/08_Rut.jpg",
            "video": "https://media.sabda.org/kios/SDC_32GB/The_Bible_Project-Alkitab_Proyek_Indonesia/API-PL--Memahami_Kitab_Perjanjian_Lama/08_Baca_Alkitab_Rut.mp4", 
 	 	 	 "infografik": "#"
        },
        {
            "title": "1 Samuel",
            "durasi":"(Durasi 7:54)",
			"thumb": "https://media.sabda.org/kios/SDC_32GB/The_Bible_Project-Alkitab_Proyek_Indonesia/API-PL--Memahami_Kitab_Perjanjian_Lama/thumbs/09_1Samuel.jpg",
            "video": "https://media.sabda.org/kios/SDC_32GB/The_Bible_Project-Alkitab_Proyek_Indonesia/API-PL--Memahami_Kitab_Perjanjian_Lama/09_Baca_Alkitab_1Samuel.mp4", 
 	 	 	 "infografik": "#"
        },
        {
            "title": "2 Samuel",
            "durasi":"(Durasi 6:23)",
			"thumb": "https://media.sabda.org/kios/SDC_32GB/The_Bible_Project-Alkitab_Proyek_Indonesia/API-PL--Memahami_Kitab_Perjanjian_Lama/thumbs/10_2Samuel.jpg",
            "video": "https://media.sabda.org/kios/SDC_32GB/The_Bible_Project-Alkitab_Proyek_Indonesia/API-PL--Memahami_Kitab_Perjanjian_Lama/10_Baca_Alkitab_2Samuel.mp4", 
 	 	 	 "infografik": "#"
        },
        {
            "title": "1-2 Raja-raja",
            "durasi":"(Durasi 10:10)",
			"thumb": "https://media.sabda.org/kios/SDC_32GB/The_Bible_Project-Alkitab_Proyek_Indonesia/API-PL--Memahami_Kitab_Perjanjian_Lama/thumbs/11_Baca_Alkitab_1-2_Raja-raja.jpg",
            "video": "https://media.sabda.org/kios/SDC_32GB/The_Bible_Project-Alkitab_Proyek_Indonesia/API-PL--Memahami_Kitab_Perjanjian_Lama/11_Baca_Alkitab_1-2_Raja-raja.mp4", 
 	 	 	 "infografik": "#"
        },
        {
            "title": "1-2 Tawarikh",
            "durasi":"(Durasi 7:36)",
			"thumb": "https://media.sabda.org/kios/SDC_32GB/The_Bible_Project-Alkitab_Proyek_Indonesia/API-PL--Memahami_Kitab_Perjanjian_Lama/thumbs/13-14_1-2Tawarikh.jpg",
            "video": "https://media.sabda.org/kios/SDC_32GB/The_Bible_Project-Alkitab_Proyek_Indonesia/API-PL--Memahami_Kitab_Perjanjian_Lama/13-14_Baca_Alkitab_1-2Tawarikh.mp4", 
 	 	 	 "infografik": "#"
        },
        {
            "title": "Ezra-Nehemia",
            "durasi":"(Durasi 10:09)",
			"thumb": "https://media.sabda.org/kios/SDC_32GB/The_Bible_Project-Alkitab_Proyek_Indonesia/API-PL--Memahami_Kitab_Perjanjian_Lama/thumbs/15-16_Ezra-Nehemia.jpg",
            "video": "https://media.sabda.org/kios/SDC_32GB/The_Bible_Project-Alkitab_Proyek_Indonesia/API-PL--Memahami_Kitab_Perjanjian_Lama/15-16_Baca_Alkitab_Ezra-Nehemia.mp4", 
 	 	 	 "infografik": "#"
        },
        {
            "title": "Ester",
            "durasi":"(Durasi 9:46)",
			"thumb": "https://media.sabda.org/kios/SDC_32GB/The_Bible_Project-Alkitab_Proyek_Indonesia/API-PL--Memahami_Kitab_Perjanjian_Lama/thumbs/17_Baca_Alkitab_Ester.jpg",
            "video": "https://media.sabda.org/kios/SDC_32GB/The_Bible_Project-Alkitab_Proyek_Indonesia/API-PL--Memahami_Kitab_Perjanjian_Lama/17_Baca_Alkitab_Ester.mp4", 
 	 	 	 "infografik": "#"
        },
        {
            "title": "Ayub",
            "durasi":"(Durasi 13:14)",
			"thumb": "https://media.sabda.org/kios/SDC_32GB/The_Bible_Project-Alkitab_Proyek_Indonesia/API-PL--Memahami_Kitab_Perjanjian_Lama/thumbs/18_Ayub.jpg",
            "video": "https://media.sabda.org/kios/SDC_32GB/The_Bible_Project-Alkitab_Proyek_Indonesia/API-PL--Memahami_Kitab_Perjanjian_Lama/18_Baca_Alkitab_Ayub.mp4", 
 	 	 	 "infografik": "#"
        },
        {
            "title": "Mazmur",
            "durasi":"(Durasi 11:04)",
			"thumb": "https://media.sabda.org/kios/SDC_32GB/The_Bible_Project-Alkitab_Proyek_Indonesia/API-PL--Memahami_Kitab_Perjanjian_Lama/thumbs/19_Mazmur.jpg",
            "video": "https://media.sabda.org/kios/SDC_32GB/The_Bible_Project-Alkitab_Proyek_Indonesia/API-PL--Memahami_Kitab_Perjanjian_Lama/19_Baca_Alkitab_Mazmur.mp4", 
 	 	 	 "infografik": "#"
        },
        {
            "title": "Amsal",
            "durasi":"(Durasi 9:00)",
			"thumb": "https://media.sabda.org/kios/SDC_32GB/The_Bible_Project-Alkitab_Proyek_Indonesia/API-PL--Memahami_Kitab_Perjanjian_Lama/thumbs/20_Baca_Alkitab_Amsal.jpg",
            "video": "https://media.sabda.org/kios/SDC_32GB/The_Bible_Project-Alkitab_Proyek_Indonesia/API-PL--Memahami_Kitab_Perjanjian_Lama/20_Baca_Alkitab_Amsal.mp4", 
 	 	 	 "infografik": "#"
        },
        {
            "title": "Pengkhotbah",
            "durasi":"(Durasi 9:02)",
			"thumb": "https://media.sabda.org/kios/SDC_32GB/The_Bible_Project-Alkitab_Proyek_Indonesia/API-PL--Memahami_Kitab_Perjanjian_Lama/thumbs/21_Baca_Alkitab_Pengkhotbah.jpg",
            "video": "https://media.sabda.org/kios/SDC_32GB/The_Bible_Project-Alkitab_Proyek_Indonesia/API-PL--Memahami_Kitab_Perjanjian_Lama/21_Baca_Alkitab_Pengkhotbah.mp4", 
 	 	 	 "infografik": "#"
        },
        {
            "title": "Kidung Agung",
            "durasi":"(Durasi 7:42)",
			"thumb": "https://media.sabda.org/kios/SDC_32GB/The_Bible_Project-Alkitab_Proyek_Indonesia/API-PL--Memahami_Kitab_Perjanjian_Lama/thumbs/22_Baca_Alkitab_Kidung_Agung.jpg",
            "video": "https://media.sabda.org/kios/SDC_32GB/The_Bible_Project-Alkitab_Proyek_Indonesia/API-PL--Memahami_Kitab_Perjanjian_Lama/22_Baca_Alkitab_Kidung_Agung.mp4", 
 	 	 	 "infografik": "#"
        },
        {
            "title": "Yesaya 1-39",
            "durasi":"(Durasi 8:51)",
			"thumb": "https://media.sabda.org/kios/SDC_32GB/The_Bible_Project-Alkitab_Proyek_Indonesia/API-PL--Memahami_Kitab_Perjanjian_Lama/thumbs/23_Baca_Alkitab_Yesaya_1-39.jpg",
            "video": "https://media.sabda.org/kios/SDC_32GB/The_Bible_Project-Alkitab_Proyek_Indonesia/API-PL--Memahami_Kitab_Perjanjian_Lama/23_Baca_Alkitab_Yesaya_1-39.mp4", 
 	 	 	 "infografik": "#"
        },
        {
            "title": "Yesaya 40-66",
            "durasi":"(Durasi 8:40)",
			"thumb": "https://media.sabda.org/kios/SDC_32GB/The_Bible_Project-Alkitab_Proyek_Indonesia/API-PL--Memahami_Kitab_Perjanjian_Lama/thumbs/23_Baca_Alkitab_Yesaya_40-66.jpg",
            "video": "https://media.sabda.org/kios/SDC_32GB/The_Bible_Project-Alkitab_Proyek_Indonesia/API-PL--Memahami_Kitab_Perjanjian_Lama/23_Baca_Alkitab_Yesaya_40-66.mp4", 
 	 	 	 "infografik": "#"
        },
        {
            "title": "Yeremia",
            "durasi":"(Durasi 7:44)",
			"thumb": "https://media.sabda.org/kios/SDC_32GB/The_Bible_Project-Alkitab_Proyek_Indonesia/API-PL--Memahami_Kitab_Perjanjian_Lama/thumbs/24_Baca_Alkitab_Yeremia.jpg",
            "video": "https://media.sabda.org/kios/SDC_32GB/The_Bible_Project-Alkitab_Proyek_Indonesia/API-PL--Memahami_Kitab_Perjanjian_Lama/24_Baca_Alkitab_Yeremia.mp4", 
 	 	 	 "infografik": "#"
        },
        {
            "title": "Ratapan",
            "durasi":"(Durasi 8:03)",
			"thumb": "https://media.sabda.org/kios/SDC_32GB/The_Bible_Project-Alkitab_Proyek_Indonesia/API-PL--Memahami_Kitab_Perjanjian_Lama/thumbs/25_Baca_Alkitab_Ratapan.jpg",
            "video": "https://media.sabda.org/kios/SDC_32GB/The_Bible_Project-Alkitab_Proyek_Indonesia/API-PL--Memahami_Kitab_Perjanjian_Lama/25_Baca_Alkitab_Ratapan.mp4", 
 	 	 	 "infografik": "#"
        },
        {
            "title": "Yehezkiel 1-33",
            "durasi":"(Durasi 8:26)",
			"thumb": "https://media.sabda.org/kios/SDC_32GB/The_Bible_Project-Alkitab_Proyek_Indonesia/API-PL--Memahami_Kitab_Perjanjian_Lama/thumbs/26_Baca_Alkitab_Yehezkiel_1-33.jpg",
            "video": "https://media.sabda.org/kios/SDC_32GB/The_Bible_Project-Alkitab_Proyek_Indonesia/API-PL--Memahami_Kitab_Perjanjian_Lama/26_Baca_Alkitab_Yehezkiel_1-33.mp4", 
 	 	 	 "infografik": "#"
        },
        {
            "title": "Yehezkiel 34-48",
            "durasi":"(Durasi 7:52)",
			"thumb": "https://media.sabda.org/kios/SDC_32GB/The_Bible_Project-Alkitab_Proyek_Indonesia/API-PL--Memahami_Kitab_Perjanjian_Lama/thumbs/26_Baca_Alkitab_Yehezkiel_34-48.jpg",
            "video": "https://media.sabda.org/kios/SDC_32GB/The_Bible_Project-Alkitab_Proyek_Indonesia/API-PL--Memahami_Kitab_Perjanjian_Lama/26_Baca_Alkitab_Yehezkiel_34-48.mp4", 
 	 	 	 "infografik": "#"
        },
        {
            "title": "Hosea",
            "durasi":"(Durasi 08:22)",
			"thumb": "https://media.sabda.org/kios/SDC_32GB/The_Bible_Project-Alkitab_Proyek_Indonesia/API-PL--Memahami_Kitab_Perjanjian_Lama/thumbs/28_Baca_Alkitab_Hosea.jpg",
            "video": "https://media.sabda.org/kios/SDC_32GB/The_Bible_Project-Alkitab_Proyek_Indonesia/API-PL--Memahami_Kitab_Perjanjian_Lama/28_Baca_Alkitab_Hosea.mp4", 
 	 	 	 "infografik": "#"
        },
        {
            "title": "Joel",
            "durasi":"(Durasi 6:49)",
			"thumb": "https://media.sabda.org/kios/SDC_32GB/The_Bible_Project-Alkitab_Proyek_Indonesia/Infographics/29_Joel.jpg",
            "video": "https://media.sabda.org/kios/SDC_32GB/The_Bible_Project-Alkitab_Proyek_Indonesia/API-PL--Memahami_Kitab_Perjanjian_Lama/30_Amos.mp4", 
 	 	 	 "infografik": "#"
        },
        {
            "title": "Amos",
            "durasi":"(Durasi 7:12)",
			"thumb": "https://media.sabda.org/kios/SDC_32GB/The_Bible_Project-Alkitab_Proyek_Indonesia/Infographics/30_Amos.jpg",
            "video": "https://media.sabda.org/kios/SDC_32GB/The_Bible_Project-Alkitab_Proyek_Indonesia/API-PL--Memahami_Kitab_Perjanjian_Lama/30_Amos.mp4", 
 	 	 	 "infografik": "#"
        },
        {
            "title": "Obadiah",
            "durasi":"(Durasi 4:58)",
			"thumb": "https://media.sabda.org/kios/SDC_32GB/The_Bible_Project-Alkitab_Proyek_Indonesia/Infographics/31_Obadiah.jpg",
            "video": "https://media.sabda.org/kios/SDC_32GB/The_Bible_Project-Alkitab_Proyek_Indonesia/API-PL--Memahami_Kitab_Perjanjian_Lama/31_Obadiah.mp4", 
 	 	 	 "infografik": "#"
        },
        {
            "title": "Jonah",
            "durasi":"(Durasi 9:01)",
			"thumb": "https://media.sabda.org/kios/SDC_32GB/The_Bible_Project-Alkitab_Proyek_Indonesia/Infographics/32_Jonah.jpg",
            "video": "https://media.sabda.org/kios/SDC_32GB/The_Bible_Project-Alkitab_Proyek_Indonesia/API-PL--Memahami_Kitab_Perjanjian_Lama/32_Jonah.mp4", 
 	 	 	 "infografik": "#"
        },
        {
            "title": "Micah",
            "durasi":"(Durasi 6:38)",
			"thumb": "https://media.sabda.org/kios/SDC_32GB/The_Bible_Project-Alkitab_Proyek_Indonesia/Infographics/33_Micah.jpg",
            "video": "https://media.sabda.org/kios/SDC_32GB/The_Bible_Project-Alkitab_Proyek_Indonesia/API-PL--Memahami_Kitab_Perjanjian_Lama/33_Micah.mp4", 
 	 	 	 "infografik": "#"
        },
        {
            "title": "Nahum",
            "durasi":"(Durasi 5:07)",
			"thumb": "https://media.sabda.org/kios/SDC_32GB/The_Bible_Project-Alkitab_Proyek_Indonesia/Infographics/34_Nahum.jpg",
            "video": "https://media.sabda.org/kios/SDC_32GB/The_Bible_Project-Alkitab_Proyek_Indonesia/API-PL--Memahami_Kitab_Perjanjian_Lama/34_Nahum.mp4", 
 	 	 	 "infografik": "#"
        },
        {
            "title": "Habakkuk",
            "durasi":"(Durasi 6:48)",
			"thumb": "https://media.sabda.org/kios/SDC_32GB/The_Bible_Project-Alkitab_Proyek_Indonesia/Infographics/35_Habakkuk.jpg",
            "video": "https://media.sabda.org/kios/SDC_32GB/The_Bible_Project-Alkitab_Proyek_Indonesia/API-PL--Memahami_Kitab_Perjanjian_Lama/35_Habakkuk.mp4", 
 	 	 	 "infografik": "#"
        },
        {
            "title": "Zephaniah",
            "durasi":"(Durasi 5:10)",
			"thumb": "https://media.sabda.org/kios/SDC_32GB/The_Bible_Project-Alkitab_Proyek_Indonesia/Infographics/36_Zephaniah.jpg",
            "video": "https://media.sabda.org/kios/SDC_32GB/The_Bible_Project-Alkitab_Proyek_Indonesia/API-PL--Memahami_Kitab_Perjanjian_Lama/36_Zephaniah.mp4", 
 	 	 	 "infografik": "#"
        },
        {
            "title": "Haggai",
            "durasi":"(Durasi 5:37)",
			"thumb": "https://media.sabda.org/kios/SDC_32GB/The_Bible_Project-Alkitab_Proyek_Indonesia/Infographics/37_Haggai.jpg",
            "video": "https://media.sabda.org/kios/SDC_32GB/The_Bible_Project-Alkitab_Proyek_Indonesia/API-PL--Memahami_Kitab_Perjanjian_Lama/37_Haggai.mp4", 
 	 	 	 "infografik": "#"
        },
        {
            "title": "Zechariah",
            "durasi":"(Durasi 8:10)",
			"thumb": "https://media.sabda.org/kios/SDC_32GB/The_Bible_Project-Alkitab_Proyek_Indonesia/Infographics/38_Zechariah.jpg",
            "video": "https://media.sabda.org/kios/SDC_32GB/The_Bible_Project-Alkitab_Proyek_Indonesia/API-PL--Memahami_Kitab_Perjanjian_Lama/38_Zechariah.mp4", 
 	 	 	 "infografik": "#"
        },
        {
            "title": "Malachi",
            "durasi":"(Durasi 7:09)",
			"thumb": "https://media.sabda.org/kios/SDC_32GB/The_Bible_Project-Alkitab_Proyek_Indonesia/Infographics/39_Malachi.jpg",
            "video": "https://media.sabda.org/kios/SDC_32GB/The_Bible_Project-Alkitab_Proyek_Indonesia/API-PL--Memahami_Kitab_Perjanjian_Lama/39_Malachi.mp4", 
 	 	 	 "infografik": "#"
        }
    ]
}
