{
    "content": [
        {
            "title": "Matius 01-13",
            "durasi":"(Durasi 9:49)",
			"thumb": "thumbs/40_Matius_01-13.jpg",
            "video": "40_Baca_Alkitab_Matius_01-13.mp4", 
 	 	 	"infografik": "#"
        },
        {
            "title": "Matius 14-28",
            "durasi":"(Durasi 8:29)",
			"thumb": "thumbs/40_Matius_14-28.jpg",
            "video": "40_Baca_Alkitab_Matius_14-28.mp4", 
 	 	 	"infografik": "#"
        },
        {
            "title": "Markus",
            "durasi":"(Durasi 11:34)",
			"thumb": "thumbs/41_Markus.jpg",
            "video": "41_Baca_Alkitab_Markus.mp4", 
 	 	 	"infografik": "#"
        },
        {
            "title": "Lukas 01-09",
            "durasi":"(Durasi 9:40)",
			"thumb": "thumbs/42_Lukas_01-09.jpg",
            "video": "42_Baca_Alkitab_Lukas_01-09.mp4", 
 	 	 	"infografik": "#"
        },
        {
            "title": "Lukas 10-24",
            "durasi":"(Durasi 9:06)",
			"thumb": "thumbs/42_Lukas_10-24.jpg",
            "video": "42_Baca_Alkitab_Lukas_10-24.mp4", 
 	 	 	"infografik": "#"
        },
        {
            "title": "Yohanes 01-12",
            "durasi":"(Durasi 10:46)",
			"thumb": "thumbs/43_Yohanes_01-12.jpg",
            "video": "43_Baca_Alkitab_Yohanes_01-12.mp4", 
 	 	 	"infografik": "#"
        },
        {
            "title": "Yohanes 13-21",
            "durasi":"(Durasi 10:04)",
			"thumb": "thumbs/43_Yohanes_13-21.jpg",
            "video": "43_Baca_Alkitab_Yohanes_13-21.mp4", 
 	 	 	"infografik": "#"
        },
        {
            "title": "Roma 01-04",
            "durasi":"(Durasi 9:08)",
			"thumb": "thumbs/45_Roma_01-04.jpg",
            "video": "45_Baca_Alkitab_Roma_01-04.mp4", 
 	 	 	"infografik": "#"
        },
        {
            "title": "Roma 05-16",
            "durasi":"(Durasi 10:27)",
			"thumb": "thumbs/45_Roma_05-16.jpg",
            "video": "45_Baca_Alkitab_Roma_05-16.mp4", 
 	 	 	"infografik": "#"
        },
        {
            "title": "1 Korintus",
            "durasi":"(Durasi 10:21)",
			"thumb": "thumbs/46_1Korintus.jpg",
            "video": "46_Baca_Alkitab_1_Korintus.mp4", 
 	 	 	"infografik": "#"
        },
        {
            "title": "2 Korintus",
            "durasi":"(Durasi 09:52)",
			"thumb": "thumbs/47_2Korintus.jpg",
            "video": "47_Baca_Alkitab_2_Korintus.mp4", 
 	 	 	"infografik": "#"
        },
        {
            "title": "Galatia",
            "durasi":"(Durasi 10:09)",
			"thumb": "thumbs/48_Galatia.jpg",
            "video": "48_Baca_Alkitab_Galatia.mp4", 
 	 	 	"infografik": "#"
        },
        {
            "title": "Efesus",
            "durasi":"(Durasi 10:48)",
			"thumb": "thumbs/49_Efesus.jpg",
            "video": "49_Baca_Alkitab_Efesus.mp4", 
 	 	 	"infografik": "#"
        },
        {
            "title": "Filipi",
            "durasi":"(Durasi 10:47)",
			"thumb": "thumbs/50_Filipi.jpg",
            "video": "50_Baca_Alkitab_Filipi.mp4", 
 	 	 	"infografik": "#"
        },
        {
            "title": "Kolose",
            "durasi":"(Durasi 10:13)",
			"thumb": "thumbs/51_Kolose.jpg",
            "video": "51_Baca_Alkitab_Kolose.mp4", 
 	 	 	"infografik": "#"
        },
        {
            "title": "1 Tesalonika",
            "durasi":"(Durasi 08:05)",
			"thumb": "thumbs/52_Baca_Alkitab_1_Tesalonika.jpg",
            "video": "52_Baca_Alkitab_1_Tesalonika.mp4", 
 	 	 	"infografik": "#"
        },
        {
            "title": "2 Tesalonika",
            "durasi":"(Durasi 07:50)",
			"thumb": "thumbs/53_Baca_Alkitab_2_Tesalonika.jpg",
            "video": "53_Baca_Alkitab_2_Tesalonika.mp4", 
 	 	 	"infografik": "#"
        },
        {
            "title": "1 Timotius",
            "durasi":"(Durasi 10:30)",
			"thumb": "thumbs/54_Baca_Alkitab_1_Timotius.jpg",
            "video": "54_Baca_Alkitab_1_Timotius.mp4", 
 	 	 	"infografik": "#"
        },
        {
            "title": "2 Timotius",
            "durasi":"(Durasi 08:20)",
			"thumb": "thumbs/55_Baca_Alkitab_2_Timotius.mp4",
            "video": "55_Baca_Alkitab_2_Timotius.mp4", 
 	 	 	"infografik": "#"
        },
        {
            "title": "Titus",
            "durasi":"(Durasi 08:49)",
			"thumb": "thumbs/56_Baca_Alkitab_Titus.jpg",
            "video": "56_Baca_Alkitab_Titus.mp4", 
 	 	 	"infografik": "#"
        },
        {
            "title": "Filemon",
            "durasi":"(Durasi 07:15)",
			"thumb": "thumbs/57_Baca_Alkitab_Filemon.jpg",
            "video": "57_Baca_Alkitab_Filemon.mp4", 
 	 	 	"infografik": "#"
        },
        {
            "title": "Ibrani",
            "durasi":"(Durasi 09:55)",
			"thumb": "thumbs/58_Ibrani.jpg",
            "video": "58_Baca_Alkitab_Ibrani.mp4", 
 	 	 	"infografik": "#"
        },
        {
            "title": "Yakobus",
            "durasi":"(Durasi 08:48)",
			"thumb": "thumbs/59_Baca_Alkitab_Yakobus.jpg",
            "video": "59_Baca_Alkitab_Yakobus.mp4", 
 	 	 	"infografik": "#"
        },
        {
            "title": "1 Petrus",
            "durasi":"(Durasi 09:12)",
			"thumb": "thumbs/60_Baca_Alkitab_1_Petrus.jpg",
            "video": "60_Baca_Alkitab_1_Petrus.mp4", 
 	 	 	"infografik": "#"
        },
        {
            "title": "2 Petrus",
            "durasi":"(Durasi 08:45)",
			"thumb": "thumbs/61_Baca_Alkitab_2_Petrus.jpg",
            "video": "61_Baca_Alkitab_2_Petrus.mp4", 
 	 	 	"infografik": "#"
        },
        {
            "title": "1-3 Yohanes",
            "durasi":"(Durasi 10:50)",
			"thumb": "thumbs/62_Baca_Alkitab_1-3_Yohanes.jpg",
            "video": "62_Baca_Alkitab_1-3_Yohanes.mp4", 
 	 	 	"infografik": "#"
        },
        {
            "title": "Yudas",
            "durasi":"(Durasi 08:28)",
			"thumb": "thumbs/65_Baca_Alkitab_Yudas.jpg",
            "video": "65_Baca_Alkitab_Yudas.mp4", 
 	 	 	"infografik": "#"
        },
        {
            "title": "Wahyu 1-11",
            "durasi":"(Durasi 14:00)",
			"thumb": "thumbs/66_Baca_Alkitab_Wahyu_Ps_1-11.jpg",
            "video": "66_Baca_Alkitab_Wahyu_Ps_1-11.mp4", 
 	 	 	"infografik": "#"
        },
        {
            "title": "Wahyu 12-22",
            "durasi":"(Durasi 13:46)",
			"thumb": "thumbs/66_Baca_Alkitab_Wahyu_Ps_12-22.jpg",
            "video": "66_Baca_Alkitab_Wahyu_Ps_12-22.mp4", 
 	 	 	"infografik": "#"
        }

    ]
}