{
    "content": [
        {
            "id": 0,
            "title": "Studi Kata Shema--Dengar",
            "durasi": "Durasi 3:25",
            "thumb": "thumbs/EN_Studi-Kata-a01_Shema-Dengar.jpg",
            "video": "EN_Studi-Kata-a01_Shema-Dengar.mp4",
            "subtitle": "#",
            "kategori": "studi_kata"
        },
        {
            "id": 1,
            "title": "Studi Kata YHWH-TUHAN",
            "durasi": "Durasi 3:59",
            "thumb": "thumbs/EN_Studi-Kata-a02_YHWH-TUHAN.jpg",
            "video": "EN_Studi-Kata-a02_YHWH-TUHAN.mp4",
            "subtitle": "#",
            "kategori": "studi_kata"
        },
        {
            "id": 2,
            "title": "Studi Kata Ahavah-Kasih",
            "durasi": "Durasi 4:06",
            "thumb": "thumbs/EN_Studi-Kata-a03_Ahavah-Kasih.jpg",
            "video": "EN_Studi-Kata-a03_Ahavah-Kasih.mp4",
            "subtitle": "#",
            "kategori": "studi_kata"
        },
        {
            "id": 3,
            "title": "Studi Kata Lev Hati",
            "durasi": "Durasi 3:50",
            "thumb": "thumbs/EN_Studi-Kata-a04_Lev-Hati.jpg",
            "video": "EN_Studi-Kata-a04_Lev-Hati.mp4",
            "subtitle": "#",
            "kategori": "studi_kata"
        },
        {
            "id": 4,
            "title": "Studi Kata Nephesh Jiwa",
            "durasi": "Durasi 4:22",
            "thumb": "thumbs/EN_Studi-Kata-a05_Nephesh-Jiwa.jpg",
            "video": "EN_Studi-Kata-a05_Nephesh-Jiwa.mp4",
            "subtitle": "#",
            "kategori": "studi_kata"
        },
        {
            "id": 5,
            "title": "Studi Kata Meod Kekuatan",
            "durasi": "Durasi 4:42",
            "thumb": "thumbs/EN_Studi-Kata-a06_Meod-Kekuatan.jpg",
            "video": "EN_Studi-Kata-a06_Meod-Kekuatan.mp4",
            "subtitle": "#",
            "kategori": "studi_kata"
        },
        {
            "id": 6,
            "title": "Studi Kata Shalom Damai",
            "durasi": "Durasi 3:48",
            "thumb": "thumbs/EN_Studi-Kata-b01_Shalom-Damai.jpg",
            "video": "EN_Studi-Kata-b01_Shalom-Damai.mp4",
            "subtitle": "#",
            "kategori": "studi_kata"
        },
        {
            "id": 7,
            "title": "Studi Kata Yakhal Harapan",
            "durasi": "Durasi 4:33",
            "thumb": "thumbs/EN_Studi-Kata-b02_Yakhal-Harapan.jpg",
            "video": "EN_Studi-Kata-b02_Yakhal-Harapan.mp4",
            "subtitle": "#",
            "kategori": "studi_kata"
        },
        {
            "id": 8,
            "title": "Studi Kata Chara Sukacita",
            "durasi": "Durasi 4:31",
            "thumb": "thumbs/EN_Studi-Kata-b03_Chara-Sukacita.jpg",
            "video": "EN_Studi-Kata-b03_Chara-Sukacita.mp4",
            "subtitle": "#",
            "kategori": "studi_kata"
        },
        {
            "id": 9,
            "title": "Studi Kata Agape Kasih",
            "durasi": "Durasi 4:48",
            "thumb": "thumbs/EN_Studi-Kata-b04_Agape-Kasih.jpg",
            "video": "EN_Studi-Kata-b04_Agape-Kasih.mp4",
            "subtitle": "#",
            "kategori": "studi_kata"
        },
        {
            "id": 10,
            "title": "Studi Kata Khata Dosa",
            "durasi": "Durasi 5:42",
            "thumb": "thumbs/EN_Studi-Kata-c01_Khata-Dosa.jpg",
            "video": "EN_Studi-Kata-c01_Khata-Dosa.mp4",
            "subtitle": "#",
            "kategori": "studi_kata"
        },
        {
            "id": 11,
            "title": "Studi Kata Pesha Pelanggaran",
            "durasi": "Durasi 5:45",
            "thumb": "thumbs/EN_Studi-Kata-c02_Pesha-Pelanggaran.jpg",
            "video": "EN_Studi-Kata-c02_Pesha-Pelanggaran.mp4",
            "subtitle": "#",
            "kategori": "studi_kata"
        },
        {
            "id": 12,
            "title": "Studi Kata Avon Kesalahan",
            "durasi": "Durasi 4:59",
            "thumb": "thumbs/EN_Studi-Kata-c03_Avon-Kesalahan.jpg",
            "video": "EN_Studi-Kata-c03_Avon-Kesalahan.mp4",
            "subtitle": "#",
            "kategori": "studi_kata"
        }
    ]
}
